1390401211.593826,Hello my friend
1390401259.98155,Hello my friend
1390401262.981685,Hello my friend
2014-01-22 15:40:13,Hello my friend
2014-01-22 16:49:25,Sucessfully done key new val 543
2014-01-22 16:49:33,Sucessfully done key new val 543
2014-01-22 16:49:57,Sucessfully done key unknown val 543
2014-01-22 16:50:10,Sucessfully done key unknown val 543
2014-01-22 16:51:30,Sucessfully done key unknown val 543
2014-01-22 16:51:40,Sucessfully done key unknown val 543
2014-01-22 16:51:46,Sucessfully done key unknown val 543
2014-01-22 16:51:48,Sucessfully done key unknown val 543
2014-01-22 16:52:01,Sucessfully done key unknown val 543
2014-01-22 16:52:10,Sucessfully done key unknown2 val 543
2014-01-22 16:52:42,Sucessfully done key this is the latest name val 543
2014-01-22 16:52:48,Sucessfully done key this is the latest name val 543
